{
    "Data_modele": "BLOB",
    "Optimization_models": [
        "Fischetti_Obj_diff",
        "Lan_quad",
        "Mix_diff_obj_quad",
        "Mix_SDP",
        "Mix_couches_SDP",
        "Mix_d_SDP",
        "FprG_SDP",
        "Mix_d_couches_SDP",
        "Lan_SDP",
        "Lan_couches_SDP"
    ],
    "K": 2,
    "n": [
        2,
        2,
        3
    ],
    "W": [
        [
            [
                2.879850149154663,
                -0.8426412343978882
            ],
            [
                -1.2552567720413208,
                2.670398712158203
            ]
        ],
        [
            [
                -2.9070353507995605,
                1.6366040706634521
            ],
            [
                1.0684192180633545,
                0.3123987913131714
            ],
            [
                2.5966522693634033,
                -2.946147918701172
            ]
        ]
    ],
    "W_reverse": [
        [
            [
                2.879850149154663,
                -1.2552567720413208
            ],
            [
                -0.8426412343978882,
                2.670398712158203
            ]
        ],
        [
            [
                -2.9070353507995605,
                1.0684192180633545,
                2.5966522693634033
            ],
            [
                1.6366040706634521,
                0.3123987913131714,
                -2.946147918701172
            ]
        ]
    ],
    "b": [
        [
            0.5241518020629883,
            2.3765554428100586
        ],
        [
            -0.2961967885494232,
            1.6055405139923096,
            -1.7223427295684814
        ]
    ],
    "L": [
        [
            0.9993214130401611,
            3.947722148895264
        ],
        [
            -0.5328819751739502,
            9.16206169128418
        ],
        [
            15.46163272857666,
            2.2928755283355713,
            -29.53305435180664
        ]
    ],
    "U": [
        [
            1.0993214130401612,
            4.0477221488952635
        ],
        [
            -0.16063284873962402,
            9.554627418518066
        ],
        [
            17.186248779296875,
            2.8132307529449463,
            -27.409896850585938
        ]
    ]
}