{
    "Data_modele": "BLOB",
    "Optimization_models": [
        "Fischetti_Obj_diff"
    ],
    "K": 2,
    "n": [
        2,
        2,
        3
    ],
    "W": [
        [
            [
                -0.30949485301971436,
                -0.046192776411771774
            ],
            [
                -2.4720664024353027,
                3.339637041091919
            ]
        ],
        [
            [
                -0.10991552472114563,
                2.242267608642578
            ],
            [
                0.12604495882987976,
                1.2153294086456299
            ],
            [
                0.39365679025650024,
                -3.0099897384643555
            ]
        ]
    ],
    "W_reverse": [
        [
            [
                -0.30949485301971436,
                -2.4720664024353027
            ],
            [
                -0.046192776411771774,
                3.339637041091919
            ]
        ],
        [
            [
                -0.10991552472114563,
                0.12604495882987976,
                0.39365679025650024
            ],
            [
                2.242267608642578,
                1.2153294086456299,
                -3.0099897384643555
            ]
        ]
    ],
    "b": [
        [
            0.15127751231193542,
            1.378510594367981
        ],
        [
            -5.85532283782959,
            1.459619164466858,
            5.603673458099365
        ]
    ],
    "L": [
        [
            -3.8983664512634277,
            -0.8039226531982422
        ],
        [
            -2.161939010780621,
            -16.38994257222953
        ],
        [
            -42.629526816463375,
            -18.673837897172646,
            -115.54580168453782
        ]
    ],
    "U": [
        [
            6.101633548736572,
            9.196077346801758
        ],
        [
            1.3949372835342402,
            41.72709186304269
        ],
        [
            84.53341590300786,
            50.64034547072345,
            55.0216351268743
        ]
    ]
}