{
    "Data_modele": "BLOB",
    "Optimization_models": [
        "Mix_SDP"
    ],
    "K": 2,
    "n": [
        2,
        2,
        3
    ],
    "W": [
        [
            [
                -0.30949485301971436,
                -0.046192776411771774
            ],
            [
                -2.4720664024353027,
                3.339637041091919
            ]
        ],
        [
            [
                -0.10991552472114563,
                2.242267608642578
            ],
            [
                0.12604495882987976,
                1.2153294086456299
            ],
            [
                0.39365679025650024,
                -3.0099897384643555
            ]
        ]
    ],
    "W_reverse": [
        [
            [
                -0.30949485301971436,
                -2.4720664024353027
            ],
            [
                -0.046192776411771774,
                3.339637041091919
            ]
        ],
        [
            [
                -0.10991552472114563,
                0.12604495882987976,
                0.39365679025650024
            ],
            [
                2.242267608642578,
                1.2153294086456299,
                -3.0099897384643555
            ]
        ]
    ],
    "b": [
        [
            0.15127751231193542,
            1.378510594367981
        ],
        [
            -5.85532283782959,
            1.459619164466858,
            5.603673458099365
        ]
    ],
    "L": [
        [
            -1.2095167636871338,
            -1.187846064567566
        ],
        [
            -1.5536392118852937,
            -14.430857371282258
        ],
        [
            -38.222637804071425,
            -16.239520382409328,
            -51.71782706949177
        ]
    ],
    "U": [
        [
            4.790483236312866,
            4.812153935432434
        ],
        [
            0.5804866329863381,
            20.439363481151872
        ],
        [
            36.86983743291387,
            24.67622520127286,
            49.07432566672507
        ]
    ]
}