{
    "Data_modele": "BLOB",
    "Optimization_models": [
        "Fischetti_Obj_diff"
    ],
    "K": 2,
    "n": [
        2,
        2,
        3
    ],
    "W": [
        [
            [
                -0.30949485301971436,
                -0.046192776411771774
            ],
            [
                -2.4720664024353027,
                3.339637041091919
            ]
        ],
        [
            [
                -0.10991552472114563,
                2.242267608642578
            ],
            [
                0.12604495882987976,
                1.2153294086456299
            ],
            [
                0.39365679025650024,
                -3.0099897384643555
            ]
        ]
    ],
    "W_reverse": [
        [
            [
                -0.30949485301971436,
                -2.4720664024353027
            ],
            [
                -0.046192776411771774,
                3.339637041091919
            ]
        ],
        [
            [
                -0.10991552472114563,
                0.12604495882987976,
                0.39365679025650024
            ],
            [
                2.242267608642578,
                1.2153294086456299,
                -3.0099897384643555
            ]
        ]
    ],
    "b": [
        [
            0.15127751231193542,
            1.378510594367981
        ],
        [
            -5.85532283782959,
            1.459619164466858,
            5.603673458099365
        ]
    ],
    "L": [
        [
            -4.0276108384132385,
            -1.0273091793060303
        ],
        [
            -2.1116197017562826,
            -16.816471929470197
        ],
        [
            -43.586873303895366,
            -19.18586907483179,
            -114.24213408794292
        ]
    ],
    "U": [
        [
            5.9723891615867615,
            8.97269082069397
        ],
        [
            1.4452565815453626,
            41.3005617095705
        ],
        [
            83.57148450647092,
            50.12779023853047,
            56.30889911798746
        ]
    ]
}