{
    "Data_modele": "BLOB",
    "Optimization_models": [
        "Fischetti_Obj_diff",
        "Lan_quad",
        "Mix_diff_obj_quad",
        "Mix_SDP",
        "Mix_couches_SDP",
        "Mix_d_SDP",
        "FprG_SDP",
        "Mix_d_couches_SDP",
        "Lan_SDP",
        "Lan_couches_SDP"
    ],
    "K": 2,
    "n": [
        2,
        2,
        3
    ],
    "W": [
        [
            [
                2.879850149154663,
                -0.8426412343978882
            ],
            [
                -1.2552567720413208,
                2.670398712158203
            ]
        ],
        [
            [
                -2.9070353507995605,
                1.6366040706634521
            ],
            [
                1.0684192180633545,
                0.3123987913131714
            ],
            [
                2.5966522693634033,
                -2.946147918701172
            ]
        ]
    ],
    "W_reverse": [
        [
            [
                2.879850149154663,
                -1.2552567720413208
            ],
            [
                -0.8426412343978882,
                2.670398712158203
            ]
        ],
        [
            [
                -2.9070353507995605,
                1.0684192180633545,
                2.5966522693634033
            ],
            [
                1.6366040706634521,
                0.3123987913131714,
                -2.946147918701172
            ]
        ]
    ],
    "b": [
        [
            0.5241518020629883,
            2.3765554428100586
        ],
        [
            -0.2961967885494232,
            1.6055405139923096,
            -1.7223427295684814
        ]
    ],
    "L": [
        [
            -2.0252047181129456,
            1.0544543266296387
        ],
        [
            -11.252508237605582,
            0.20298014878574122
        ],
        [
            -32.181043689104314,
            3.1780144340278147,
            -71.71372267832486
        ]
    ],
    "U": [
        [
            3.9747952818870544,
            7.054454326629639
        ],
        [
            11.082440063709726,
            23.756913053982885
        ],
        [
            38.58446382199667,
            13.509643214236283,
            26.45689086906451
        ]
    ]
}