{
    "Data_modele": "BLOB",
    "Optimization_models": [
        "Fischetti_Obj_diff"
    ],
    "K": 2,
    "n": [
        2,
        2,
        3
    ],
    "W": [
        [
            [
                -0.30949485301971436,
                -0.046192776411771774
            ],
            [
                -2.4720664024353027,
                3.339637041091919
            ]
        ],
        [
            [
                -0.10991552472114563,
                2.242267608642578
            ],
            [
                0.12604495882987976,
                1.2153294086456299
            ],
            [
                0.39365679025650024,
                -3.0099897384643555
            ]
        ]
    ],
    "W_reverse": [
        [
            [
                -0.30949485301971436,
                -2.4720664024353027
            ],
            [
                -0.046192776411771774,
                3.339637041091919
            ]
        ],
        [
            [
                -0.10991552472114563,
                0.12604495882987976,
                0.39365679025650024
            ],
            [
                2.242267608642578,
                1.2153294086456299,
                -3.0099897384643555
            ]
        ]
    ],
    "b": [
        [
            0.15127751231193542,
            1.378510594367981
        ],
        [
            -5.85532283782959,
            1.459619164466858,
            5.603673458099365
        ]
    ],
    "L": [
        [
            -3.858983874320984,
            -1.0245084762573242
        ],
        [
            -2.163938207144124,
            -17.223975208264847
        ],
        [
            -44.499613296068524,
            -19.687714276139936,
            -113.03615506792661
        ]
    ],
    "U": [
        [
            6.141016125679016,
            8.975491523742676
        ],
        [
            1.3929380871707373,
            40.89305922700737
        ],
        [
            82.66350831741381,
            49.62648813754814,
            57.53192912068434
        ]
    ]
}