{
    "Data_modele": "MOON",
    "Optimization_models": [
        "Fischetti_Obj_diff",
        "Lan_quad",
        "Mix_diff_obj_quad",
        "Mix_SDP",
        "Mix_couches_SDP",
        "Mix_d_SDP",
        "FprG_SDP",
        "Mix_d_couches_SDP",
        "Lan_SDP",
        "Lan_couches_SDP"
    ],
    "K": 3,
    "n": [
        2,
        10,
        10,
        2
    ],
    "W": [
        [
            [
                -0.012886282056570053,
                -0.30635806918144226
            ],
            [
                0.023008450865745544,
                1.1635578870773315
            ],
            [
                0.17799943685531616,
                -0.5580347180366516
            ],
            [
                0.3483056426048279,
                -0.5672149658203125
            ],
            [
                0.39185088872909546,
                -0.5203972458839417
            ],
            [
                -0.6460326910018921,
                -0.6141473650932312
            ],
            [
                0.2462369054555893,
                -0.4578416347503662
            ],
            [
                -0.5599667429924011,
                -0.3595218062400818
            ],
            [
                0.5111945271492004,
                -0.4541029930114746
            ],
            [
                -0.36889931559562683,
                -0.0743640661239624
            ]
        ],
        [
            [
                0.01773110032081604,
                -0.28818479180336,
                0.25910547375679016,
                0.13532990217208862,
                0.08407965302467346,
                0.05355021357536316,
                0.043155163526535034,
                0.045687079429626465,
                -0.24894361197948456,
                0.11469689011573792
            ],
            [
                -6.22402731096372e-05,
                -0.42461010813713074,
                0.05052298307418823,
                -0.21893095970153809,
                -0.13196469843387604,
                -0.30336081981658936,
                0.289169579744339,
                -0.1607501357793808,
                0.5294150710105896,
                -0.028254568576812744
            ],
            [
                -0.2564379870891571,
                0.726998507976532,
                0.05056411027908325,
                0.013957619667053223,
                0.14259836077690125,
                -0.20359592139720917,
                -0.37445172667503357,
                0.30670085549354553,
                0.12596118450164795,
                -0.008544951677322388
            ],
            [
                0.15327975153923035,
                0.8070574402809143,
                -0.10355806350708008,
                0.01265302300453186,
                -0.2209175080060959,
                -0.011489689350128174,
                -0.3379772901535034,
                -0.08949176967144012,
                -0.021117959171533585,
                -0.2557564377784729
            ],
            [
                -0.29803794622421265,
                -0.01426344271749258,
                -0.22258543968200684,
                0.08858326077461243,
                0.023935943841934204,
                -0.2955392003059387,
                -0.2615632712841034,
                -0.1046060174703598,
                -0.03629900515079498,
                -0.22388634085655212
            ],
            [
                0.14511293172836304,
                -0.17535021901130676,
                0.22699758410453796,
                0.22184720635414124,
                -0.15606115758419037,
                0.20360252261161804,
                -0.23571382462978363,
                0.2844502031803131,
                -0.3160620331764221,
                0.17765966057777405
            ],
            [
                0.07110518217086792,
                -0.2886018455028534,
                0.23752889037132263,
                0.2570435702800751,
                -0.2506437301635742,
                0.2979847490787506,
                -0.14100606739521027,
                -0.21752363443374634,
                -0.12263074517250061,
                0.29101529717445374
            ],
            [
                0.04020294174551964,
                0.8823345899581909,
                0.3016735017299652,
                0.08963146805763245,
                -0.4743720591068268,
                -0.29660993814468384,
                -0.24918310344219208,
                -0.1541760265827179,
                0.011998985894024372,
                -0.23833845555782318
            ],
            [
                0.2769922614097595,
                -0.5763718485832214,
                0.27321192622184753,
                -0.0642920434474945,
                0.07269316911697388,
                -0.16477589309215546,
                0.37495386600494385,
                0.18324014544487,
                0.5665400624275208,
                -0.21971841156482697
            ],
            [
                0.11859481036663055,
                0.3892369866371155,
                -0.05291271209716797,
                0.04820835590362549,
                -0.33008038997650146,
                -0.06583940982818604,
                -0.4337751269340515,
                -0.012404441833496094,
                0.09019174426794052,
                0.06915459036827087
            ]
        ],
        [
            [
                -0.009885966777801514,
                -0.7561578154563904,
                0.42909684777259827,
                0.582272469997406,
                -0.20672112703323364,
                -0.10326150059700012,
                0.30385908484458923,
                0.3839653730392456,
                -0.35397768020629883,
                0.24615773558616638
            ],
            [
                -0.0795806348323822,
                0.6553858518600464,
                -0.4636653661727905,
                -0.6304098963737488,
                -0.09160642325878143,
                0.009361028671264648,
                0.10891729593276978,
                -0.8288468718528748,
                0.8821879029273987,
                -0.22627030313014984
            ]
        ]
    ],