{
    "Data_modele": "BLOB",
    "Optimization_models": [
        "Fischetti_Obj_diff",
        "Lan_quad",
        "Mix_diff_obj_quad",
        "Mix_SDP",
        "Mix_couches_SDP",
        "Mix_d_SDP",
        "FprG_SDP",
        "Mix_d_couches_SDP",
        "Lan_SDP",
        "Lan_couches_SDP"
    ],
    "K": 2,
    "n": [
        2,
        2,
        3
    ],
    "W": [
        [
            [
                2.879850149154663,
                -0.8426412343978882
            ],
            [
                -1.2552567720413208,
                2.670398712158203
            ]
        ],
        [
            [
                -2.9070353507995605,
                1.6366040706634521
            ],
            [
                1.0684192180633545,
                0.3123987913131714
            ],
            [
                2.5966522693634033,
                -2.946147918701172
            ]
        ]
    ],
    "W_reverse": [
        [
            [
                2.879850149154663,
                -1.2552567720413208
            ],
            [
                -0.8426412343978882,
                2.670398712158203
            ]
        ],
        [
            [
                -2.9070353507995605,
                1.0684192180633545,
                2.5966522693634033
            ],
            [
                1.6366040706634521,
                0.3123987913131714,
                -2.946147918701172
            ]
        ]
    ],
    "b": [
        [
            0.5241518020629883,
            2.3765554428100586
        ],
        [
            -0.2961967885494232,
            1.6055405139923096,
            -1.7223427295684814
        ]
    ],
    "L": [
        [
            -3.01332688331604,
            -3.0284230709075928
        ],
        [
            -14.028316060635404,
            -14.480610668644886
        ],
        [
            -89.53092237402295,
            -5.583811899977886,
            -102.19363651979978
        ]
    ],
    "U": [
        [
            6.98667311668396,
            6.971576929092407
        ],
        [
            23.196598260598563,
            24.775943835954223
        ],
        [
            74.96350436682073,
            26.548933197584546,
            99.13904887511092
        ]
    ]
}