{
    "Data_modele": "MULTIPLE_CIRCLES",
    "Optimization_models": [
        "Fischetti_Obj_diff",
        "Lan_quad",
        "Mix_diff_obj_quad",
        "Mix_SDP",
        "Mix_couches_SDP",
        "Mix_d_SDP",
        "FprG_SDP"
    ],
    "K": 3,
    "n": [
        2,
        5,
        5,
        2
    ],
    "W": [
        [
            [
                0.07532918453216553,
                -1.114035964012146
            ],
            [
                -1.167282223701477,
                1.2037074565887451
            ],
            [
                -0.8903266787528992,
                -0.9813874363899231
            ],
            [
                1.5630353689193726,
                0.5593789219856262
            ],
            [
                -0.011003119871020317,
                -0.6604059338569641
            ]
        ],
        [
            [
                -0.9693846106529236,
                -0.9258254766464233,
                -0.33903536200523376,
                -0.7307649850845337,
                0.24237173795700073
            ],
            [
                1.1991515159606934,
                0.7078672647476196,
                0.9603973031044006,
                0.6229439377784729,
                0.779810905456543
            ],
            [
                -0.08293217420578003,
                0.7702887058258057,
                0.19061686098575592,
                0.6891176104545593,
                -0.23777692019939423
            ],
            [
                0.5217834115028381,
                0.9133946299552917,
                0.7733832001686096,
                1.3427734375,
                0.24273021519184113
            ],
            [
                -0.6389849781990051,
                -0.9327406287193298,
                -0.27995091676712036,
                -0.7450659275054932,
                0.3821263909339905
            ]
        ],
        [
            [
                0.7970618605613708,
                -0.9566453099250793,
                -0.5190989971160889,
                -0.8812899589538574,
                0.8979030251502991
            ],
            [
                -1.3179988861083984,
                1.0691595077514648,
                0.581811785697937,
                1.1574904918670654,
                -1.2498396635055542
            ]
        ]
    ],
    "W_reverse": [
        [
            [
                0.07532918453216553,
                -1.167282223701477,
                -0.8903266787528992,
                1.5630353689193726,
                -0.011003119871020317
            ],
            [
                -1.114035964012146,
                1.2037074565887451,
                -0.9813874363899231,
                0.5593789219856262,
                -0.6604059338569641
            ]
        ],
        [
            [
                -0.9693846106529236,
                1.1991515159606934,
                -0.08293217420578003,
                0.5217834115028381,
                -0.6389849781990051
            ],
            [
                -0.9258254766464233,
                0.7078672647476196,
                0.7702887058258057,
                0.9133946299552917,
                -0.9327406287193298
            ],
            [
                -0.33903536200523376,
                0.9603973031044006,
                0.19061686098575592,
                0.7733832001686096,
                -0.27995091676712036
            ],
            [
                -0.7307649850845337,
                0.6229439377784729,
                0.6891176104545593,
                1.3427734375,
                -0.7450659275054932
            ],
            [
                0.24237173795700073,
                0.779810905456543,
                -0.23777692019939423,
                0.24273021519184113,
                0.3821263909339905
            ]
        ],
        [
            [
                0.7970618605613708,
                -1.3179988861083984
            ],
            [
                -0.9566453099250793,
                1.0691595077514648
            ],
            [
                -0.5190989971160889,
                0.581811785697937
            ],
            [
                -0.8812899589538574,
                1.1574904918670654
            ],
            [
                0.8979030251502991,
                -1.2498396635055542
            ]
        ]
    ],
    "b": [
        [
            -0.09283149242401123,
            -0.10820452868938446,
            0.08040639758110046,
            -0.024805763736367226,
            0.18111081421375275
        ],
        [
            1.4216924905776978,
            -0.5296650528907776,
            -0.3746069371700287,
            -0.5909470915794373,
            1.4227313995361328
        ],
        [
            0.6477394700050354,
            0.0035660897847265005
        ]
    ],
    "L": [
        [
            0.2800257384777069,
            0.39913569688796996
        ],
        [
            -0.8691717982292175,
            -0.31333935260772705,
            -1.3897068500518799,
            0.6609582304954529,
            -0.5352363586425781
        ],
        [
            -1.222367525100708,
            -2.6043853759765625,
            0.04525090008974075,
            -1.0568987131118774,
            -1.4910162687301636
        ],
        [
            -4.8610029220581055,
            -6.176393985748291
        ]
    ],
    "U": [
        [
            0.6800257384777069,
            0.7991356968879699
        ],
        [
            -0.39342576265335083,
            0.6350564956665039,
            -0.6410211324691772,
            1.509924054145813,
            -0.2666727304458618
        ],
        [
            1.0561800003051758,
            0.09476731717586517,
            1.6068519353866577,
            1.8417754173278809,
            0.6423415541648865
        ],
        [
            4.818018913269043,
            6.6426544189453125
        ]
    ]
}