{
    "Data_modele": "BLOB",
    "Optimization_models": [
        "Fischetti_Obj_diff",
        "Lan_quad",
        "Mix_diff_obj_quad",
        "Mix_SDP",
        "Mix_couches_SDP",
        "Mix_d_SDP",
        "FprG_SDP",
        "Mix_d_couches_SDP",
        "Lan_SDP",
        "Lan_couches_SDP"
    ],
    "K": 2,
    "n": [
        2,
        2,
        3
    ],
    "W": [
        [
            [
                2.879850149154663,
                -0.8426412343978882
            ],
            [
                -1.2552567720413208,
                2.670398712158203
            ]
        ],
        [
            [
                -2.9070353507995605,
                1.6366040706634521
            ],
            [
                1.0684192180633545,
                0.3123987913131714
            ],
            [
                2.5966522693634033,
                -2.946147918701172
            ]
        ]
    ],
    "W_reverse": [
        [
            [
                2.879850149154663,
                -1.2552567720413208
            ],
            [
                -0.8426412343978882,
                2.670398712158203
            ]
        ],
        [
            [
                -2.9070353507995605,
                1.0684192180633545,
                2.5966522693634033
            ],
            [
                1.6366040706634521,
                0.3123987913131714,
                -2.946147918701172
            ]
        ]
    ],
    "b": [
        [
            0.5241518020629883,
            2.3765554428100586
        ],
        [
            -0.2961967885494232,
            1.6055405139923096,
            -1.7223427295684814
        ]
    ],
    "L": [
        [
            1.4028447151184082,
            1.3090210437774659
        ],
        [
            1.757249355316162,
            2.353873555478941
        ],
        [
            -18.22593281555843,
            6.495298971082761,
            -18.92498394336655
        ]
    ],
    "U": [
        [
            2.8028447151184084,
            2.709021043777466
        ],
        [
            6.968737602233887,
            7.849791607737956
        ],
        [
            5.918689735859535,
            10.346435060262284,
            10.799226487774067
        ]
    ]
}