{
    "Data_modele": "BLOB",
    "Optimization_models": [
        "Fischetti_Obj_diff",
        "Mix_SDP"
    ],
    "K": 2,
    "n": [
        2,
        2,
        3
    ],
    "W": [
        [
            [
                -0.30949485301971436,
                -0.046192776411771774
            ],
            [
                -2.4720664024353027,
                3.339637041091919
            ]
        ],
        [
            [
                -0.10991552472114563,
                2.242267608642578
            ],
            [
                0.12604495882987976,
                1.2153294086456299
            ],
            [
                0.39365679025650024,
                -3.0099897384643555
            ]
        ]
    ],
    "W_reverse": [
        [
            [
                -0.30949485301971436,
                -2.4720664024353027
            ],
            [
                -0.046192776411771774,
                3.339637041091919
            ]
        ],
        [
            [
                -0.10991552472114563,
                0.12604495882987976,
                0.39365679025650024
            ],
            [
                2.242267608642578,
                1.2153294086456299,
                -3.0099897384643555
            ]
        ]
    ],
    "b": [
        [
            0.15127751231193542,
            1.378510594367981
        ],
        [
            -5.85532283782959,
            1.459619164466858,
            5.603673458099365
        ]
    ],
    "L": [
        [
            -3.7849971055984497,
            -0.9372401237487793
        ],
        [
            -2.19086795051345,
            -17.11543138028253
        ],
        [
            -44.255718686004315,
            -19.55919213103666,
            -113.37347059519652
        ]
    ],
    "U": [
        [
            6.21500289440155,
            9.06275987625122
        ],
        [
            1.366008321774979,
            41.00160146252665
        ],
        [
            82.90985163929156,
            49.75528802107408,
            57.20338569746605
        ]
    ]
}