{
    "Data_modele": "BLOB",
    "Optimization_models": [
        "Mix_d_SDP",
        "Lan_SDP"
    ],
    "K": 2,
    "n": [
        2,
        2,
        3
    ],
    "W": [
        [
            [
                -0.30949485301971436,
                -0.046192776411771774
            ],
            [
                -2.4720664024353027,
                3.339637041091919
            ]
        ],
        [
            [
                -0.10991552472114563,
                2.242267608642578
            ],
            [
                0.12604495882987976,
                1.2153294086456299
            ],
            [
                0.39365679025650024,
                -3.0099897384643555
            ]
        ]
    ],
    "W_reverse": [
        [
            [
                -0.30949485301971436,
                -2.4720664024353027
            ],
            [
                -0.046192776411771774,
                3.339637041091919
            ]
        ],
        [
            [
                -0.10991552472114563,
                0.12604495882987976,
                0.39365679025650024
            ],
            [
                2.242267608642578,
                1.2153294086456299,
                -3.0099897384643555
            ]
        ]
    ],
    "b": [
        [
            0.15127751231193542,
            1.378510594367981
        ],
        [
            -5.85532283782959,
            1.459619164466858,
            5.603673458099365
        ]
    ],
    "L": [
        [
            -1.1186928749084473,
            -4.364106774330139
        ],
        [
            -2.857779039730458,
            -35.15120377477058
        ],
        [
            -84.68410934085901,
            -41.56265750770422,
            -59.34852077671096
        ]
    ],
    "U": [
        [
            8.881307125091553,
            5.635893225669861
        ],
        [
            0.6990974021630496,
            22.965831839274756
        ],
        [
            42.54213171500329,
            27.758716134769784,
            111.44561468059958
        ]
    ]
}