{
    "Data_modele": "BLOB",
    "Optimization_models": [
        "Fischetti_Obj_diff",
        "Mix_d_SDP",
        "Mix_d_couches_SDP",
        "Lan_SDP",
        "Lan_couches_SDP",
        "Mix_SDP",
        "Mix_couches_SDP"
    ],
    "K": 2,
    "n": [
        2,
        2,
        3
    ],
    "W": [
        [
            [
                -0.30949485301971436,
                -0.046192776411771774
            ],
            [
                -2.4720664024353027,
                3.339637041091919
            ]
        ],
        [
            [
                -0.10991552472114563,
                2.242267608642578
            ],
            [
                0.12604495882987976,
                1.2153294086456299
            ],
            [
                0.39365679025650024,
                -3.0099897384643555
            ]
        ]
    ],
    "W_reverse": [
        [
            [
                -0.30949485301971436,
                -2.4720664024353027
            ],
            [
                -0.046192776411771774,
                3.339637041091919
            ]
        ],
        [
            [
                -0.10991552472114563,
                0.12604495882987976,
                0.39365679025650024
            ],
            [
                2.242267608642578,
                1.2153294086456299,
                -3.0099897384643555
            ]
        ]
    ],
    "b": [
        [
            0.15127751231193542,
            1.378510594367981
        ],
        [
            -5.85532283782959,
            1.459619164466858,
            5.603673458099365
        ]
    ],
    "L": [
        [
            -1.830926775932312,
            0.8012759685516357
        ],
        [
            -1.4531989866479371,
            -6.251744052737251
        ],
        [
            -19.885093251630735,
            -6.2865434435992835,
            -76.29734116314756
        ]
    ],
    "U": [
        [
            4.169073224067688,
            6.801275968551636
        ],
        [
            0.6809267640595342,
            28.618477109964317
        ],
        [
            55.198562776336786,
            34.62857089984088,
            24.463216105230057
        ]
    ]
}