{
    "Data_modele": "BLOB",
    "Optimization_models": [
        "Fischetti_Obj_diff"
    ],
    "K": 2,
    "n": [
        2,
        2,
        3
    ],
    "W": [
        [
            [
                -0.30949485301971436,
                -0.046192776411771774
            ],
            [
                -2.4720664024353027,
                3.339637041091919
            ]
        ],
        [
            [
                -0.10991552472114563,
                2.242267608642578
            ],
            [
                0.12604495882987976,
                1.2153294086456299
            ],
            [
                0.39365679025650024,
                -3.0099897384643555
            ]
        ]
    ],
    "W_reverse": [
        [
            [
                -0.30949485301971436,
                -2.4720664024353027
            ],
            [
                -0.046192776411771774,
                3.339637041091919
            ]
        ],
        [
            [
                -0.10991552472114563,
                0.12604495882987976,
                0.39365679025650024
            ],
            [
                2.242267608642578,
                1.2153294086456299,
                -3.0099897384643555
            ]
        ]
    ],
    "b": [
        [
            0.15127751231193542,
            1.378510594367981
        ],
        [
            -5.85532283782959,
            1.459619164466858,
            5.603673458099365
        ]
    ],
    "L": [
        [
            -0.893488883972168,
            -4.177141189575195
        ],
        [
            -2.9361148221727618,
            -35.08352502154412
        ],
        [
            -84.53087104439389,
            -41.490279359040485,
            -59.58306400180586
        ]
    ],
    "U": [
        [
            9.106511116027832,
            5.822858810424805
        ],
        [
            0.6207614721420995,
            23.033509413728098
        ],
        [
            42.70249098693448,
            27.8319010164969,
            111.2365859529876
        ]
    ]
}