modele_data,x0,y0,modele_opt,relax,Status,Sol,Label,Valeur_optimale,temps_execution,RLT_Lan,zk^2,betai*betaj,sigmak*zk,Nombre_iterations,Number_Nodes
BLOB,"[4.05, 1.01]",2,Mix_SDP,0,1,"[3.050000025234234, 2.009999939070777]",1,-7311.987783303386,0.015733957290649414,False,False,False,False,24.0,
BLOB,"[4.05, 1.01]",2,Mix_SDP_different_objectif,0,1,"[3.0500000564079484, 2.009999659247972]",1,-1245.4071000294052,0.011815547943115234,False,False,False,False,24.0,
BLOB,"[4.05, 1.01]",2,Mix_SDP_par_couches,0,1,"[3.049999999932543, 2.0099999997304434]",1,-7311.98778649405,0.011064529418945312,False,False,False,False,24.0,
BLOB,"[4.053761005401611, 1.0077720880508423]",2,Fischetti_Obj_diff,1,1,"[3.0537610054016113, 2.0077720880508423]",1,-3650.125758291461,0.0,False,False,False,False,,0.0
BLOB,"[4.053761005401611, 1.0077720880508423]",2,Fischetti_Obj_diff,0,1,"[3.0537610054016113, 2.0077720880508423]",1,11.679904477708352,0.0009999275207519531,False,False,False,False,,1.0
BLOB,"[4.053761005401611, 1.0077720880508423]",2,Mix_diff_obj_quad,0,1,"[3.0537610054016113, 2.0077720880508423]",1,-4.396663623251694,0.003000020980834961,False,False,False,False,,1.0
BLOB,"[4.053761005401611, 1.0077720880508423]",2,Glover_Obj_diff,1,1,"[3.0537610054016113, 2.0077720880508423]",1,-3683.952194702536,0.0,False,False,False,False,,0.0
BLOB,"[4.053761005401611, 1.0077720880508423]",2,Glover_Obj_diff,0,1,"[3.0537610054013786, 2.0077720880508423]",1,11.679904477703847,0.0,False,False,False,False,,1.0
