{
    "Data_modele": "BLOB",
    "Optimization_models": [
        "Mix_d_SDP",
        "Mix_SDP",
        "Mix_couches_SDP",
        "Mix_d_couches_SDP",
        "Lan_SDP",
        "Lan_couches_SDP"
    ],
    "K": 2,
    "n": [
        2,
        2,
        3
    ],
    "W": [
        [
            [
                2.879850149154663,
                -0.8426412343978882
            ],
            [
                -1.2552567720413208,
                2.670398712158203
            ]
        ],
        [
            [
                -2.9070353507995605,
                1.6366040706634521
            ],
            [
                1.0684192180633545,
                0.3123987913131714
            ],
            [
                2.5966522693634033,
                -2.946147918701172
            ]
        ]
    ],
    "W_reverse": [
        [
            [
                2.879850149154663,
                -1.2552567720413208
            ],
            [
                -0.8426412343978882,
                2.670398712158203
            ]
        ],
        [
            [
                -2.9070353507995605,
                1.0684192180633545,
                2.5966522693634033
            ],
            [
                1.6366040706634521,
                0.3123987913131714,
                -2.946147918701172
            ]
        ]
    ],
    "b": [
        [
            0.5241518020629883,
            2.3765554428100586
        ],
        [
            -0.2961967885494232,
            1.6055405139923096,
            -1.7223427295684814
        ]
    ],
    "L": [
        [
            -3.942736864089966,
            -0.9826750755310059
        ],
        [
            -18.428708947582834,
            -7.850999684021758
        ],
        [
            -54.93742968661468,
            1.712321505934398,
            -94.24775082413615
        ]
    ],
    "U": [
        [
            6.057263135910034,
            9.017324924468994
        ],
        [
            18.796205172749808,
            31.405554183904684
        ],
        [
            51.10226103027059,
            21.68776734722004,
            47.084866087672445
        ]
    ]
}