{
    "Data_modele": "BLOB",
    "Optimization_models": [
        "Fischetti_Obj_diff"
    ],
    "K": 2,
    "n": [
        2,
        2,
        3
    ],
    "W": [
        [
            [
                -0.30949485301971436,
                -0.046192776411771774
            ],
            [
                -2.4720664024353027,
                3.339637041091919
            ]
        ],
        [
            [
                -0.10991552472114563,
                2.242267608642578
            ],
            [
                0.12604495882987976,
                1.2153294086456299
            ],
            [
                0.39365679025650024,
                -3.0099897384643555
            ]
        ]
    ],
    "W_reverse": [
        [
            [
                -0.30949485301971436,
                -2.4720664024353027
            ],
            [
                -0.046192776411771774,
                3.339637041091919
            ]
        ],
        [
            [
                -0.10991552472114563,
                0.12604495882987976,
                0.39365679025650024
            ],
            [
                2.242267608642578,
                1.2153294086456299,
                -3.0099897384643555
            ]
        ]
    ],
    "b": [
        [
            0.15127751231193542,
            1.378510594367981
        ],
        [
            -5.85532283782959,
            1.459619164466858,
            5.603673458099365
        ]
    ],
    "L": [
        [
            -3.0477806329727173,
            -3.2808135747909546
        ],
        [
            -2.310776506443732,
            -26.764564557318295
        ],
        [
            -65.88938526265021,
            -31.301181315245728,
            -84.37688014718525
        ]
    ],
    "U": [
        [
            6.952219367027283,
            6.719186425209045
        ],
        [
            1.2460997878711293,
            31.352469877953922
        ],
        [
            61.28709157282801,
            38.0145372145323,
            86.23903978639407
        ]
    ]
}