{
    "Data_modele": "BLOB",
    "Optimization_models": [
        "Mix_SDP",
        "Mix_SDP_different_objectif"
    ],
    "K": 2,
    "n": [
        2,
        2,
        3
    ],
    "L": [
        [
            -1500.0,
            -1500.0
        ],
        [
            -1500.0,
            -1500.0
        ],
        [
            -1500.0,
            -1500.0,
            -1500.0
        ]
    ],
    "U": [
        [
            1500.0,
            1500.0
        ],
        [
            1500.0,
            1500.0
        ],
        [
            1500.0,
            1500.0,
            1500.0
        ]
    ],
    "W": [
        [
            [
                2.879850149154663,
                -0.8426412343978882
            ],
            [
                -1.2552567720413208,
                2.670398712158203
            ]
        ],
        [
            [
                -2.9070353507995605,
                1.6366040706634521
            ],
            [
                1.0684192180633545,
                0.3123987913131714
            ],
            [
                2.5966522693634033,
                -2.946147918701172
            ]
        ]
    ],
    "W_reverse": [
        [
            [
                2.879850149154663,
                -1.2552567720413208
            ],
            [
                -0.8426412343978882,
                2.670398712158203
            ]
        ],
        [
            [
                -2.9070353507995605,
                1.0684192180633545,
                2.5966522693634033
            ],
            [
                1.6366040706634521,
                0.3123987913131714,
                -2.946147918701172
            ]
        ]
    ],
    "b": [
        [
            0.5241518020629883,
            2.3765554428100586
        ],
        [
            -0.2961967885494232,
            1.6055405139923096,
            -1.7223427295684814
        ]
    ]
}