{
    "Data_modele": "BLOB",
    "Optimization_models": [
        "Mix_SDP"
    ],
    "K": 2,
    "n": [
        2,
        2,
        3
    ],
    "W": [
        [
            [
                -0.30949485301971436,
                -0.046192776411771774
            ],
            [
                -2.4720664024353027,
                3.339637041091919
            ]
        ],
        [
            [
                -0.10991552472114563,
                2.242267608642578
            ],
            [
                0.12604495882987976,
                1.2153294086456299
            ],
            [
                0.39365679025650024,
                -3.0099897384643555
            ]
        ]
    ],
    "W_reverse": [
        [
            [
                -0.30949485301971436,
                -2.4720664024353027
            ],
            [
                -0.046192776411771774,
                3.339637041091919
            ]
        ],
        [
            [
                -0.10991552472114563,
                0.12604495882987976,
                0.39365679025650024
            ],
            [
                2.242267608642578,
                1.2153294086456299,
                -3.0099897384643555
            ]
        ]
    ],
    "b": [
        [
            0.15127751231193542,
            1.378510594367981
        ],
        [
            -5.85532283782959,
            1.459619164466858,
            5.603673458099365
        ]
    ],
    "L": [
        [
            1.0366268157958984,
            -2.259362816810608
        ],
        [
            -2.350590229034424,
            -6.166940759802742
        ],
        [
            -58.68751899278623,
            -27.17591098499816,
            -24.284802184851287
        ]
    ],
    "U": [
        [
            7.036626815795898,
            3.740637183189392
        ],
        [
            -0.21646443009376526,
            13.870881486748772
        ],
        [
            16.409856325233704,
            13.527548488039429,
            76.52489966411207
        ]
    ]
}