{
    "Data_modele": "BLOB",
    "Optimization_models": [
        "Fischetti_Obj_diff",
        "Lan_quad",
        "Mix_diff_obj_quad",
        "Mix_SDP",
        "Mix_couches_SDP",
        "Mix_d_SDP",
        "FprG_SDP",
        "Mix_d_couches_SDP",
        "Lan_SDP",
        "Lan_couches_SDP"
    ],
    "K": 2,
    "n": [
        2,
        2,
        3
    ],
    "W": [
        [
            [
                2.879850149154663,
                -0.8426412343978882
            ],
            [
                -1.2552567720413208,
                2.670398712158203
            ]
        ],
        [
            [
                -2.9070353507995605,
                1.6366040706634521
            ],
            [
                1.0684192180633545,
                0.3123987913131714
            ],
            [
                2.5966522693634033,
                -2.946147918701172
            ]
        ]
    ],
    "W_reverse": [
        [
            [
                2.879850149154663,
                -1.2552567720413208
            ],
            [
                -0.8426412343978882,
                2.670398712158203
            ]
        ],
        [
            [
                -2.9070353507995605,
                1.0684192180633545,
                2.5966522693634033
            ],
            [
                1.6366040706634521,
                0.3123987913131714,
                -2.946147918701172
            ]
        ]
    ],
    "b": [
        [
            0.5241518020629883,
            2.3765554428100586
        ],
        [
            -0.2961967885494232,
            1.6055405139923096,
            -1.7223427295684814
        ]
    ],
    "L": [
        [
            0.9794961452484131,
            3.948936367034912
        ],
        [
            -0.6752626895904541,
            9.064663887023926
        ],
        [
            14.63399600982666,
            2.1103262901306152,
            -30.772375106811523
        ]
    ],
    "U": [
        [
            1.1794961452484132,
            4.148936367034912
        ],
        [
            0.06923556327819824,
            9.8497953414917
        ],
        [
            18.083227157592773,
            3.1510369777679443,
            -26.526060104370117
        ]
    ]
}